{"version":null,"displayName":"Slack","type":"slack","logo":"slack.png","logoSmall":"slack-icon.png","metadata":[{"name":"Workflow Name","dependent":false,"dependentMetadata":null,"values":[{"id":"webhook/id/here","name":"Webhook Test","attributeName":null,"referenceType":null,"dependents":null,"regex":false}]}],"fields":[{"id":"modified","name":"modified","datatype":"Datetime","values":null},{"id":"title","name":"title","datatype":"String","values":null},{"id":"body","name":"body","datatype":"String","values":null},{"id":"key","name":"key","datatype":"String","values":null},{"id":"url","name":"url","datatype":"String","values":null},{"id":"status","name":"status","datatype":"String","values":null}],"loginOptions":[],"idFieldName":"key","titleFieldName":"title","projectFieldName":"","artifactFieldName":"","testStepsFieldName":null,"changedDateFieldName":"modified","dateFormat":"dd-MM-yyyy","dateTimeFormat":"dd-MM-yyyy HH:mm:ss.SSS","queryDateFormat":"dd-MM-yyyy HH:mm:ss.SSS","iso8601DateFormat":false,"commentFieldName":null,"commentFieldId":null,"attachmentFieldName":null,"attachmentFieldId":null,"apiVersion":null,"callBackUrlConfigured":false,"callBackUrls":null,"apiProvider":"ExternalApplication","applicationType":null,"urlDescription":"","userNameDescription":"","passwordDescription":"","paginationSupported":false,"paginationAttributes":null,"status":"Active","active":true,"syncModel":"ReadWrite"}