[{"schemeId":20,"schemeName":"Default","adapterType":"slack","group":null,"active":true,"adapterMetadataList":[],"requestHeaders":[],"restTemplates":{"QUERY_MODIFIED_RECORDS":{"templateId":72,"operation":"QUERY_MODIFIED_RECORDS","httpVerb":"GET","restUrl":"not applicable","specifications":{"Response":{"specId":139,"type":"Response","adapterType":null,"specType":"None","status":"Active","specification":"{}","samplePayload":"{}","statusCode":2,"contentAvailable":true},"Request":{"specId":140,"type":"Request","adapterType":null,"specType":null,"status":"Active","specification":null,"samplePayload":null,"statusCode":2,"contentAvailable":false}}},"QUERY_RECORD_BY_ID":{"templateId":70,"operation":"QUERY_RECORD_BY_ID","httpVerb":"GET","restUrl":"not applicable","specifications":{"Response":{"specId":141,"type":"Response","adapterType":null,"specType":"None","status":"Active","specification":"{}","samplePayload":"{}","statusCode":2,"contentAvailable":true},"Request":{"specId":142,"type":"Request","adapterType":null,"specType":null,"status":"Active","specification":null,"samplePayload":null,"statusCode":2,"contentAvailable":false}}},"UPDATE_RECORD":{"templateId":71,"operation":"UPDATE_RECORD","httpVerb":"POST","restUrl":"not applicable","specifications":{"Response":{"specId":143,"type":"Response","adapterType":null,"specType":"None","status":"Active","specification":"{}","samplePayload":"{}","statusCode":2,"contentAvailable":true},"Request":{"specId":144,"type":"Request","adapterType":null,"specType":"None","status":"Active","specification":"{}","samplePayload":"{}","statusCode":2,"contentAvailable":true}}},"CREATE_RECORD":{"templateId":69,"operation":"CREATE_RECORD","httpVerb":"POST","restUrl":"workflows/${Workflow Name}","specifications":{"Response":{"specId":137,"type":"Response","adapterType":null,"specType":"Groovy","status":"Active","specification":"def jsonS = new groovy.json.JsonSlurper();\ndef result = jsonS.parseText(payload);\ndef newID = (int)Math.ceil(Math.random() * 1000000);\nnewID = \"App-\"+newID;\n\nresult << [id: newID]\n\ngroovy.json.JsonOutput.toJson(result)\n","samplePayload":"{}","statusCode":2,"contentAvailable":true},"Request":{"specId":138,"type":"Request","adapterType":null,"specType":"JOLT","status":"Active","specification":"[{\n    \"operation\":\"shift\",\n    \"spec\":{\n        \"fields\": {\n            \"*\":\"&\"\n        }\n    }\n}]","samplePayload":"{\n  \"fields\": {\n    \"key\": \"Hello world!\",\n    \"title\":\"This is our title\",\n    \"body\": \"Webhook test \",\n    \"url\":\"www.connectall.com\"\n  }\n}","statusCode":2,"contentAvailable":true}}}},"default":true}]